model,attack,eps,clean_acc_%,adv_acc_%,evasion_%,linf_max,l2_mean,feats_changed,seconds
MLP,FGSM,0.1,99.88,0.0,100.0,0.1,0.7133,57.0,0.2
MLP,BIM,0.1,99.88,0.0,100.0,0.1,0.5787,47.2,1.0
MLP,PGD,0.1,99.88,0.0,100.0,0.1,0.6299,47.2,3.3
MLP,DEEPFOOL,-,99.88,0.12,100.0,0.23973,0.0406,57.0,4.5
CNN,FGSM,0.1,99.76,0.0,100.0,0.1,0.4066,21.1,0.5
CNN,BIM,0.1,99.76,0.0,100.0,0.1,0.3307,22.4,6.0
CNN,PGD,0.1,99.76,0.0,100.0,0.1,0.3526,23.3,20.4
CNN,DEEPFOOL,-,99.76,0.04,100.0,0.05831,0.0265,21.2,63.0
LSTM,FGSM,0.1,99.46,0.18,100.0,0.1,0.5816,43.2,2.2
LSTM,BIM,0.1,99.46,0.02,99.98,0.1,0.2201,62.2,26.0
LSTM,PGD,0.1,99.46,0.02,99.98,0.1,0.2391,62.3,104.7
LSTM,DEEPFOOL,-,99.46,0.58,99.718,1.0,0.0653,43.3,434.4
