code,class,category,rows_in_file,exact_duplicates,conflicting,kept,train,val,test
0,BenignTraffic,Benign,1098195,40,0,1098155,768708,164723,164724
1,DDoS-ACK_Fragmentation,DDoS,285104,11852,0,60000,42000,9000,9000
2,DDoS-HTTP_Flood,DDoS,28790,18,0,28772,20140,4316,4316
3,DDoS-ICMP_Flood,DDoS,7200504,5448156,0,60000,42000,9000,9000
4,DDoS-ICMP_Fragmentation,DDoS,452489,10293,0,60000,42000,9000,9000
5,DDoS-PSHACK_Flood,DDoS,4094755,2473436,3,60000,42000,9000,9000
6,DDoS-RSTFINFlood,DDoS,4045285,2991663,0,60000,42000,9000,9000
7,DDoS-SlowLoris,DDoS,23426,0,0,23426,16398,3514,3514
8,DDoS-SYN_Flood,DDoS,4059190,2172582,29861,60000,42000,9000,9000
9,DDoS-SynonymousIP_Flood,DDoS,3598138,542250,19829,60000,42000,9000,9000
10,DDoS-TCP_Flood,DDoS,4497667,2971163,14802,60000,42000,9000,9000
11,DDoS-UDP_Flood,DDoS,5412287,0,0,60000,42000,9000,9000
12,DDoS-UDP_Fragmentation,DDoS,286925,0,0,60000,42000,9000,9000
13,DoS-HTTP_Flood,DoS,71864,81,1,60000,42000,9000,9000
14,DoS-SYN_Flood,DoS,2028834,406863,20325,60000,42000,9000,9000
15,DoS-TCP_Flood,DoS,2671445,909384,14802,60000,42000,9000,9000
16,DoS-UDP_Flood,DoS,3318595,361970,0,60000,42000,9000,9000
17,Mirai-greeth_flood,Mirai,991866,335255,0,60000,42000,9000,9000
18,Mirai-greip_flood,Mirai,751682,210068,0,60000,42000,9000,9000
19,Mirai-udpplain,Mirai,890576,0,0,60000,42000,9000,9000
20,Recon-HostDiscovery,Recon,134378,96,0,60000,42000,9000,9000
21,Recon-OSScan,Recon,98259,341,2,60000,42000,9000,9000
22,Recon-PingSweep,Recon,2262,8,0,2254,1578,338,338
23,Recon-PortScan,Recon,82284,371,2,60000,42000,9000,9000
24,VulnerabilityScan,Recon,37382,0,0,37382,26167,5607,5608
25,DNS_Spoofing,Spoofing,178911,111,0,60000,42000,9000,9000
26,MITM-ArpSpoofing,Spoofing,307593,6,0,60000,42000,9000,9000
27,Backdoor_Malware,Web,3218,0,0,3218,2253,483,482
28,BrowserHijacking,Web,5859,0,0,5859,4101,879,879
29,CommandInjection,Web,5409,0,0,5409,3786,811,812
30,SqlInjection,Web,5245,0,0,5245,3672,787,786
31,Uploading_Attack,Web,1252,0,0,1252,877,188,187
32,XSS,Web,3846,0,0,3846,2692,577,577
33,DictionaryBruteForce,BruteForce,13064,0,0,13064,9145,1959,1960
,ALL,,46686579,18846007,99627,2547882,1783517,382182,382183
