feature,min,p50,p99,max,span,p50_position,p99_position,frac_zero,frac_integer,n_negative,log1p
flow_duration,0.0,4.838798332214355,561.9328394241301,99685.6563885212,99685.6563885212,4.854056749503977e-05,0.005637048094803303,0.12821993600357043,0.12821993600357043,0,True
Header_Length,0.0,30411.4,5608649.08799999,9890104.9,9890104.9,0.003074931995918466,0.5670970272519547,0.03683523246223656,0.2321583460281452,0,True
Protocol Type,0.0,6.11,46.7,47.0,47.0,0.13,0.9936170212765958,8.634527907186674e-05,0.44713398152098893,0,False
Duration,0.0,65.91,232.0,255.0,255.0,0.2584705882352941,0.9098039215686274,8.634527907186674e-05,0.31178831725946815,0,False
Rate,0.0,36.30453704280887,93247.4340288303,8388608.0,8388608.0,4.327838068343266e-06,0.011115960363010205,0.003895629863580066,0.004228115256369787,0,True
Srate,0.0,36.30453704280887,93247.4340288303,8388608.0,8388608.0,4.327838068343266e-06,0.011115960363010205,0.003895629863580066,0.004228115256369787,0,True
fin_flag_number,0.0,0.0,1.0,1.0,1.0,0.0,1.0,0.9763133593527916,1.0,0,False
syn_flag_number,0.0,0.0,1.0,1.0,1.0,0.0,1.0,0.9124627075300372,1.0,0,False
rst_flag_number,0.0,0.0,1.0,1.0,1.0,0.0,1.0,0.9614103884584396,1.0,0,False
psh_flag_number,0.0,0.0,1.0,1.0,1.0,0.0,1.0,0.962168432726655,1.0,0,False
ack_flag_number,0.0,1.0,1.0,1.0,1.0,1.0,1.0,0.4804469994174497,1.0,0,False
ack_count,0.0,0.0,1.0,6.7,6.7,0.0,0.14925373134328357,0.8248037467122914,0.8332812832029838,0,False
syn_count,0.0,0.1,2.92,12.87,12.87,0.007770007770007771,0.22688422688422688,0.43334789241826777,0.5497985183374384,0,True
fin_count,0.0,0.0,1.3,81.46,81.46,0.0,0.015958752762091827,0.8741136292658913,0.8871842860563027,0,True
urg_count,0.0,5.9,731.6,4312.5,4312.5,0.0013681159420289857,0.1696463768115942,0.321640089328116,0.43920367225350526,0,True
rst_count,0.0,21.4,5107.42799999998,9526.5,9526.5,0.002246365401773999,0.5361284837033516,0.24051982100735786,0.3056292075802184,0,True
HTTP,0.0,0.0,1.0,1.0,1.0,0.0,1.0,0.9345906476849093,1.0,0,False
HTTPS,0.0,0.0,1.0,1.0,1.0,0.0,1.0,0.6332792647419145,1.0,0,False
DNS,0.0,0.0,0.0,1.0,1.0,0.0,0.0,0.9987003353448793,1.0,0,False
SSH,0.0,0.0,0.0,1.0,1.0,0.0,0.0,0.999235788211851,1.0,0,False
TCP,0.0,1.0,1.0,1.0,1.0,1.0,1.0,0.30277869200358615,1.0,0,False
UDP,0.0,0.0,1.0,1.0,1.0,0.0,1.0,0.873948227594942,1.0,0,False
ARP,0.0,0.0,0.0,1.0,1.0,0.0,0.0,0.9995228582305834,1.0,0,False
ICMP,0.0,0.0,1.0,1.0,1.0,0.0,1.0,0.9535675458372885,1.0,0,False
IPv,0.0,1.0,1.0,1.0,1.0,1.0,1.0,0.000941948498965819,1.0,0,False
LLC,0.0,1.0,1.0,1.0,1.0,1.0,1.0,0.000941948498965819,1.0,0,False
Tot sum,54.0,1707.8,28942.6,127335.8,127281.8,0.012993216626414774,0.22696567773240164,0.0,0.28002671096814924,0,True
Min,42.0,64.8,1514.0,11650.0,11608.0,0.0019641626464507234,0.1268090971743625,0.0,0.614841183558289,0,True
Max,42.0,427.2,7306.0,31922.0,31880.0,0.012082810539523212,0.22785445420326222,0.0,0.4985402601684181,0,True
AVG,42.0,148.0616458794044,2435.8520311151005,11650.0,11608.0,0.009136943993746073,0.2062243307301086,0.0,0.16338377056377298,0,True
Std,0.0,63.66805493354194,2061.327584711552,10996.26091469568,10996.26091469568,0.00578997310335319,0.18745713663057428,0.16324247828892813,0.163277240674009,0,True
Tot size,42.0,136.8,2431.3,13098.0,13056.0,0.007261029411764707,0.18300398284313726,0.0,0.25930608672542255,0,True
IAT,0.0,83253387.71542624,166860661.3846407,167639436.0415293,167639436.0415293,0.49662173579969504,0.9953544662564023,6.167519933704768e-06,6.167519933704768e-06,0,False
Number,1.0,9.5,13.5,15.0,14.0,0.6071428571428571,0.8928571428571429,0.0,0.0004008887956908099,0,False
Magnitue,9.165151389911678,16.877057513656585,69.30771012081878,152.64337522473747,143.4782238348258,0.05374966261516426,0.41917551753459176,0.0,0.03154181830822685,0,False
Radius,0.0,89.40018635500411,2918.3417870099183,15551.06132095581,15551.06132095581,0.005748815756679772,0.18766190466224392,0.16888856244641967,0.1688919265482017,0,True
Covariance,0.0,5960.638460232813,4730975.432941743,137284386.25711766,137284386.25711766,4.3418181941457136e-05,0.03446113255793836,0.16888856244641967,0.16895191969664772,0,True
Variance,0.0,0.9,1.0,1.0,1.0,0.9,1.0,0.16888856244641967,0.4338973623759978,0,False
Weight,1.0,141.55,244.6,244.6,243.6,0.5769704433497538,1.0,0.0,0.00031230078209759594,0,False
