feature,MLP,CNN,LSTM,mean
rst_count,24.546,25.332,18.601,22.826
urg_count,24.348,23.468,18.767,22.194
flow_duration,15.146,15.233,22.123,17.5
Number + Weight,17.559,18.924,13.041,16.508
Header_Length,15.533,18.605,13.973,16.037
TCP,1.17,4.871,4.447,3.496
Std + Radius + Covariance,0.425,2.533,5.009,2.656
HTTP,1.852,2.843,2.689,2.461
Rate + Srate,1.843,4.091,0.836,2.257
HTTPS,1.267,1.954,3.084,2.102
syn_flag_number,3.328,0.974,1.049,1.784
Max,3.181,1.604,0.448,1.744
Protocol Type,0.98,2.209,1.544,1.578
Variance,2.523,1.382,0.818,1.574
syn_count,1.637,0.915,1.149,1.234
Duration,2.199,0.446,0.318,0.987
rst_flag_number,1.68,0.998,0.231,0.969
Tot size,2.133,0.308,0.422,0.954
Tot sum + AVG + Magnitue,0.707,1.243,0.459,0.803
ack_flag_number,0.221,0.783,1.276,0.76
fin_count,0.989,0.54,0.299,0.61
fin_flag_number,1.062,0.106,0.316,0.495
ICMP,0.722,0.473,0.026,0.407
UDP,0.031,0.621,0.092,0.248
Min,0.184,0.341,0.096,0.207
psh_flag_number,0.054,0.379,0.103,0.178
ack_count,0.283,0.163,0.023,0.156
SSH,0.049,0.0,0.032,0.027
DNS,0.0,0.067,0.012,0.026
IPv + LLC,0.031,0.02,0.0,0.017
ARP,0.019,0.006,0.0,0.008
