class,support,MLP
BenignTraffic,164727,90.413
DDoS-ACK_Fragmentation,9000,100.0
DDoS-HTTP_Flood,4316,100.0
DDoS-ICMP_Flood,9000,100.0
DDoS-ICMP_Fragmentation,9000,100.0
DDoS-PSHACK_Flood,9000,100.0
DDoS-RSTFINFlood,9000,100.0
DDoS-SlowLoris,3514,99.972
DDoS-SYN_Flood,9000,100.0
DDoS-SynonymousIP_Flood,9000,99.989
DDoS-TCP_Flood,9000,100.0
DDoS-UDP_Flood,9000,100.0
DDoS-UDP_Fragmentation,9000,100.0
DoS-HTTP_Flood,9000,100.0
DoS-SYN_Flood,9000,100.0
DoS-TCP_Flood,9000,100.0
DoS-UDP_Flood,9000,100.0
Mirai-greeth_flood,9000,100.0
Mirai-greip_flood,9000,100.0
Mirai-udpplain,9000,100.0
Recon-HostDiscovery,9000,98.189
Recon-OSScan,9000,64.522
Recon-PingSweep,339,75.516
Recon-PortScan,9000,86.822
VulnerabilityScan,5607,99.982
DNS_Spoofing,9000,79.056
MITM-ArpSpoofing,9000,86.889
Backdoor_Malware,482,99.378
BrowserHijacking,879,91.354
CommandInjection,812,98.03
SqlInjection,786,95.42
Uploading_Attack,188,97.872
XSS,577,98.44
DictionaryBruteForce,1960,90.153
