class,support,MLP,CNN,LSTM
BenignTraffic,164727,97.788,97.892,96.922
DDoS-ACK_Fragmentation,9000,99.989,99.978,99.989
DDoS-HTTP_Flood,4316,100.0,100.0,100.0
DDoS-ICMP_Flood,9000,100.0,100.0,100.0
DDoS-ICMP_Fragmentation,9000,99.989,100.0,99.989
DDoS-PSHACK_Flood,9000,100.0,100.0,99.989
DDoS-RSTFINFlood,9000,100.0,100.0,100.0
DDoS-SlowLoris,3514,99.943,99.943,99.943
DDoS-SYN_Flood,9000,100.0,100.0,100.0
DDoS-SynonymousIP_Flood,9000,100.0,100.0,100.0
DDoS-TCP_Flood,9000,100.0,100.0,100.0
DDoS-UDP_Flood,9000,100.0,100.0,100.0
DDoS-UDP_Fragmentation,9000,100.0,99.989,100.0
DoS-HTTP_Flood,9000,99.989,100.0,99.978
DoS-SYN_Flood,9000,100.0,100.0,100.0
DoS-TCP_Flood,9000,100.0,100.0,100.0
DoS-UDP_Flood,9000,100.0,100.0,100.0
Mirai-greeth_flood,9000,100.0,100.0,100.0
Mirai-greip_flood,9000,99.989,100.0,100.0
Mirai-udpplain,9000,100.0,100.0,99.989
Recon-HostDiscovery,9000,87.5,86.667,86.744
Recon-OSScan,9000,49.411,47.989,53.378
Recon-PingSweep,339,48.083,47.198,54.867
Recon-PortScan,9000,68.667,68.333,71.678
VulnerabilityScan,5607,99.982,99.964,99.964
DNS_Spoofing,9000,64.244,63.178,63.4
MITM-ArpSpoofing,9000,78.211,78.356,76.911
Backdoor_Malware,482,77.801,74.274,73.237
BrowserHijacking,879,55.29,57.338,55.176
CommandInjection,812,73.768,72.906,72.291
SqlInjection,786,71.756,71.12,73.41
Uploading_Attack,188,73.936,70.213,68.617
XSS,577,75.043,69.844,71.924
DictionaryBruteForce,1960,65.459,62.959,63.776
